,City,Country,Max Temp,Lat,Lng,Hotel Name
0,Arraial Do Cabo,BR,77.0,-22.97,-42.03,Pousada Porto Praia
1,Saldanha,ZA,57.2,-33.01,17.94,Blue Bay Lodge
2,Te Anau,NZ,35.8,-45.42,167.72,Kingsgate Hotel Te Anau
3,Jamestown,US,73.99,42.1,-79.24,Hampton Inn & Suites Jamestown
4,Upernavik,GL,41.86,72.79,-56.15,Gina's Guesthouse - Upernavik
5,Narsaq,GL,53.6,60.92,-46.05,Hotel Narsaq
6,Busselton,AU,55.0,-33.65,115.33,Observatory Guest House
7,Longyearbyen,SJ,46.4,78.22,15.64,"Radisson Blu Polar Hotel, Spitsbergen"
8,Rikitea,PF,71.15,-23.12,-134.97,Pension Maro'i
9,Hobart,AU,39.2,-42.88,147.33,St Ives Apartments
10,Naron,ES,66.99,43.52,-8.15,Marcial
11,Kapaa,US,82.4,22.08,-159.32,Sheraton Kauai Resort at Coconut Beach
12,Kayerkan,RU,53.6,69.35,87.76,
13,Albany,US,86.0,42.6,-73.97,
14,Bongor,TD,76.46,10.28,15.37,Complexe le Confort
15,Ushuaia,AR,35.6,-54.8,-68.3,Albatros Hotel
16,Port Alfred,ZA,58.14,-33.59,26.89,The Halyards Hotel
17,Vila Franca Do Campo,PT,68.0,37.72,-25.43,Pestana Bahia Praia
18,Port Elizabeth,ZA,44.6,-33.92,25.57,39 On Nile Guest House
19,Bluff,NZ,39.0,-46.6,168.33,Bluff Homestead - Guesthouse & Campervan Park
20,Namatanai,PG,76.53,-3.67,152.43,Namatanai Hotel
21,Bethel,US,87.01,41.37,-73.41,Courtyard by Marriott Danbury
22,Rio Grande,BR,44.01,-32.03,-52.1,Swan Express Rio Grande
23,Yellowknife,CA,69.01,62.46,-114.35,The Explorer Hotel
24,Punta Arenas,CL,35.6,-53.15,-70.92,Hotel Dreams Del Estrecho
25,Ales,FR,71.01,44.13,4.08,ibis Al√®s Centre-Ville
26,Byron Bay,AU,57.0,-28.65,153.62,Backpackers Inn on the Beach
27,Mporokoso,ZM,62.26,-9.37,30.12,Fairview Home Lodge
28,Esperance,AU,48.2,-33.87,121.9,Hospitality Esperance
29,Faanui,PF,79.21,-16.48,-151.75,Bora-Bora Pearl Beach Resort & Spa
30,Torbay,CA,61.0,47.67,-52.73,Gallows Cove
31,Dikson,RU,41.5,73.51,80.55,
32,Lompoc,US,77.0,34.64,-120.46,Holiday Inn Express Lompoc
33,Marsa Matruh,EG,75.2,31.35,27.25,Beau Site
34,Atuona,PF,80.29,-9.8,-139.03,Villa Enata
35,North Bend,US,68.0,43.41,-124.22,Red Lion Hotel Coos Bay
36,Hualmay,PE,62.46,-11.1,-77.61,Hotel Restaurant Tur√≠stico Casablanca
38,Shatrovo,RU,61.2,56.52,64.63,
39,Husavik,IS,53.6,66.04,-17.34,Bjarnab√∫√∞
40,Butaritari,KI,83.61,3.07,172.79,Isles Sunset Lodge
41,Bichena,ET,54.97,10.45,38.2,yichalal hotel
42,Ixtapa,MX,86.0,20.7,-105.2,Container Inn Puerto Vallarta
43,Airai,TL,59.13,-8.93,125.41,Juvinal Martin
45,Razdolinsk,RU,57.79,58.42,94.67,"""U Nikolaicha"""
46,Tuktoyaktuk,CA,57.2,69.45,-133.04,End of The Road Ltd.
47,Nikolskoye,RU,53.6,59.7,30.79,Tourist House - Sablino
48,Tasiilaq,GL,39.2,65.61,-37.64,The Red House
49,New Norfolk,AU,37.0,-42.78,147.06,The Shingles Riverside Cottages
50,Pevek,RU,48.72,69.7,170.31,Severnoye Zoloto
51,Vanimo,PG,80.19,-2.67,141.3,Vahmoneh Lodge Vanimo
52,Labuhan,ID,74.8,-6.88,112.21,bador sepret
53,Palmer,US,87.8,42.16,-72.33,Wedgewood Motel
54,Hithadhoo,MV,84.97,-0.6,73.08,Scoop Guest House
55,Barrow,US,37.4,71.29,-156.79,King Eider Inn
56,Paamiut,GL,44.37,61.99,-49.67,Yeet Hotel
57,Trincomalee,LK,80.8,8.57,81.23,Welcombe Hotel
58,Talcahuano,CL,53.6,-36.72,-73.12,Hotel Terramar
59,Binulasan,PH,79.18,14.73,121.7,Blue Pavilion Beach Resort
60,Aklavik,CA,60.8,68.22,-135.01,Aklavik Inn
61,Varzea Da Palma,BR,66.27,-17.6,-44.73,Hotel Mineiro Ltda
62,Mlonggo,ID,76.1,-6.53,110.7,Asia Metal Art
63,Lebu,CL,49.73,-37.62,-73.65,Hostal Las Lilas
64,Tabou,CI,75.22,4.42,-7.35,hot√™l doufoulougou
65,Pisco,PE,64.0,-13.7,-76.22,Hostal San Isidro Oficial
66,Kasongo-Lunda,CD,74.34,-6.47,16.82,
67,Hilo,US,80.6,19.73,-155.09,Hilo Hawaiian Hotel
68,Kruisfontein,ZA,60.51,-34.0,24.73,Oyster Bay House Rental
69,Cascavel,BR,60.62,-24.96,-53.46,Copas Executive Hotel
70,Avarua,CK,71.6,-21.21,-159.78,Paradise Inn
71,Necochea,AR,37.99,-38.55,-58.74,dyd -mar Hotel
72,Sao Filipe,CV,74.41,14.9,-24.5,Tortuga B&B
73,College,US,69.8,64.86,-147.8,Pike's Waterfront Lodge
74,Hermanus,ZA,57.99,-34.42,19.23,Misty Waves Boutique Hotel
75,Ugoofaaru,MV,82.92,5.67,73.0,Ungoofaaru Inn
76,Kholbon,RU,65.14,51.88,116.25,
77,Chokurdakh,RU,67.87,70.63,147.92,
78,Poronaysk,RU,56.05,49.22,143.12,Gostinitsa Sever
79,Haines Junction,CA,63.32,60.75,-137.51,Parkside Inn
80,Chuy,UY,46.09,-33.7,-53.46,Nuevo Hotel Plaza
81,Dingle,PH,76.78,11.0,122.67,Camp Pasica
82,Ilulissat,GL,46.4,69.22,-51.1,Hotel Arctic
83,Chapais,CA,62.6,49.78,-74.85,H√¥tel Op√©miska
84,High Rock,BS,87.8,26.62,-78.28,Ocean Pearl Bonefishing Resort
85,Mokhsogollokh,RU,78.06,61.47,128.92,
86,Puerto Ayora,EC,69.01,-0.74,-90.35,Finch Bay Galapagos Hotel
87,Hovd,MN,58.1,48.01,91.64,Hotel Khovd
88,San Patricio,MX,87.8,19.22,-104.7,Hotel Cabo Blanco
89,Tautira,PF,82.4,-17.73,-149.15,Pension Oaoa
90,East London,ZA,58.48,-33.02,27.91,Tu Casa
91,Sakakah,SA,89.6,29.97,40.21,Fakhamat Al Orjoana Apartment
92,Castro,BR,59.99,-24.79,-50.01,CHACARA BAILLY
93,El Prat De Llobregat,ES,78.01,41.33,2.09,Hotel Porta Fira
94,Warrnambool,AU,48.0,-38.38,142.48,Lady Bay Resort
95,Mataura,NZ,39.0,-46.19,168.86,Ellie's Villa
96,General Roca,AR,46.4,-39.03,-67.58,Hotel El Recreo
97,Qui Nhon,VN,79.27,13.77,109.23,Kh√°ch s·∫°n H·∫£i √Çu Quy Nh∆°n - Seagull Hotel
98,Pyapon,MM,78.75,16.28,95.68,Aung Naing Thu Motel
99,Belaya Gora,RU,74.48,68.53,146.42,
100,Kouqian,CN,72.81,43.64,126.46,Guotai Bathing Hotel
101,Sao Joao Da Barra,BR,75.2,-21.64,-41.05,Pousada Porto De Canoas
102,Belyy Yar,RU,53.6,53.6,91.39,Pasportnyy Stol
103,Mount Darwin,ZW,53.2,-16.77,31.58,
104,Tiksi,RU,63.23,71.69,128.87,Arktika
105,Gamarra,CO,82.33,8.32,-73.74,Hotel El Puerto De NINA
106,Turukhansk,RU,57.47,65.82,87.98,"–û–û–û ""–¢—É—Ä—É—Ö–∞–Ω—Å–∫–∞—è –ø—É—à–Ω–∏–Ω–∞"""
107,Saint-Philippe,RE,64.4,-21.36,55.77,"Chambres d'h√¥te ""La Trinit√©"""
108,Kirensk,RU,64.65,57.79,108.11,–ì–æ—Å—Ç–∏–Ω–∏—Ü–∞/–∫–≤ (–¥–æ–º –ö–æ—Å—ã–≥–∏–Ω–∞ –ê.–ù.)
109,Changde,CN,71.64,29.05,111.68,Kangshida Hotel
110,Georgetown,MY,80.6,5.41,100.34,Cititel Penang
111,Yulara,AU,37.4,-25.24,130.99,Desert Gardens Hotel - Ayers Rock Resort
112,Victoria,HK,84.0,22.29,114.16,Mini Hotel Central
113,Bambous Virieux,MU,72.0,-20.34,57.76,Casa Tia Villa
114,Toora-Khem,RU,55.85,52.47,96.11,
115,Khatanga,RU,57.76,71.97,102.5,"Gostinitsa ""Zapolyar'ye"""
116,Vaini,TO,73.4,-21.2,-175.2,Keleti Beach Resort
117,Puerto Escondido,MX,86.0,15.85,-97.07,Aldea del Bazar Hotel and Spa
118,Qaanaaq,GL,46.56,77.48,-69.36,Qaanaaq Hotel
119,Grand Gaube,MU,72.0,-20.01,57.66,Veranda Paul et Virginie Hotel & Spa
120,Clyde River,CA,42.8,70.47,-68.59,Qamaq Hotel
121,Ponta Do Sol,PT,69.01,32.67,-17.1,Hotel do Campo
122,Tutoia,BR,78.69,-2.76,-42.27,Pousada Guar√°'s
123,Zhangye,CN,75.0,38.93,100.45,Zhangye Lvzhou Holiday Inn
124,Bilibino,RU,62.8,68.05,166.44,Gostinitsa Severyanka
125,Provideniya,RU,50.0,64.38,-173.3,
126,San Miguel,SV,86.83,13.48,-88.18,Excalibur
127,Margate,GB,63.0,51.38,1.39,Premier Inn Margate hotel
128,Montepuez,MZ,62.26,-13.13,39.0,RESID√äNCIAL LANCHONETE
129,Pacifica,US,66.99,37.61,-122.49,"Pacifica Lighthouse, Trademark Collection by Wyndham"
130,Usinsk,RU,52.63,65.99,57.53,Dobro Pozhalovaty
131,Sidi Ali,DZ,76.19,36.1,0.42,
134,Nalut,LY,81.63,30.33,10.85,
135,Lagoa,PT,68.63,39.05,-27.98,Casa Das Faias
136,Leningradskiy,RU,43.83,69.38,178.42,
137,Jagdalpur,IN,75.54,19.07,82.03,STARiHOTELS Geedam Road
138,Anqing,CN,75.04,30.51,117.05,Hongtian Hotel
139,Klaksvik,FO,50.0,62.23,-6.59,Airbnb rooms
140,Bredasdorp,ZA,57.2,-34.53,20.04,Bredasdorp Country Manor
141,San Cristobal,VE,84.2,7.77,-72.22,Pirineos
142,Dolores,AR,41.27,-36.31,-57.68,Apart Hotel - Arianos
143,Rocha,UY,41.77,-34.48,-54.33,Beleza Pura B&B
144,Olafsvik,IS,51.06,64.89,-23.71,Hotel Olafsvik
145,Alofi,NU,75.2,-19.06,-169.92,Taloa Heights
146,Jacqueville,CI,77.0,5.21,-4.41,Hotel Le Martin Pecheur
147,Sitka,US,59.0,57.05,-135.33,Westmark Sitka
148,Okhotsk,RU,67.46,59.38,143.3,
149,Grand Island,US,80.6,40.92,-98.34,Fairfield Inn & Suites by Marriott Grand Island
150,Ribas Do Rio Pardo,BR,75.43,-20.44,-53.76,Ata√≠de Martins
151,Zverinogolovskoye,RU,62.64,54.46,64.85,
152,Cidreira,BR,57.07,-30.18,-50.21,Novomar Pousada e Turismo Ltda
153,Severnyy,RU,68.0,50.68,36.55,Full House North Mini-Hotel
154,Bengkulu,ID,73.94,-3.8,102.27,Grage Hotel Bengkulu
155,Calamar,CO,86.0,10.25,-74.91,Canal del dique y rio magdalena
156,Acapulco,MX,86.0,16.86,-99.89,HS Hotsson Smart Acapulco
157,Thompson,CA,75.2,55.74,-97.86,Burntwood Hotel
158,Vila Velha,BR,73.4,-20.33,-40.29,Hotel Vit√≥ria Palace
159,Gelemso,ET,61.43,8.82,40.52,Bahar Lami
160,Richards Bay,ZA,56.05,-28.78,32.04,BON Hotel Waterfront Richards Bay
161,Dudinka,RU,53.6,69.41,86.18,Hotel Viktoria
162,Commack,US,86.0,40.84,-73.29,Hampton Inn Long Island/Commack
163,Pangnirtung,CA,49.26,66.15,-65.71,Kilabuk Lodge
164,Qingquan,CN,73.26,30.45,115.26,Caiyuan Hotel
165,Maniitsoq,GL,47.19,65.42,-52.9,Hotel Heilmann Lyberth
166,Havre-Saint-Pierre,CA,71.6,50.23,-63.6,Auberge Niapiskau
167,Simbahan,PH,81.79,6.3,120.58,
168,Urumqi,CN,69.8,43.8,87.6,Hua Ling Grand Hotel Urumqi
169,Atambua,ID,69.17,-9.11,124.89,Pondok Pesantren Al Muhajirin Atambua
170,Grindavik,IS,50.0,63.84,-22.43,Northern Light Inn & Max's Restaurant
171,Katsuura,JP,70.0,35.13,140.3,Katsuura Hotel Mikazuki
172,Mayumba,GA,71.35,-3.43,10.66,LIKWALE LODGE
173,Kirakira,SB,81.57,-10.45,161.92,SanBiz Lodge
174,Kamskoye Ustye,RU,66.2,55.2,49.27,Gostinitsa Kuray
175,Ghanzi,BW,39.9,-21.57,21.78,Ghanzi Farmhouse
176,Zhigansk,RU,68.63,66.77,123.37,Gostinichnyy Kompleks Aylgy
177,Susuman,RU,72.52,62.78,148.17,"Oao ""Susumanzoloto"""
178,Villazon,BO,42.93,-22.09,-65.59,La Candelaria
179,Saint-Joseph,RE,64.4,-21.37,55.62,"""Plantation Bed and Breakfast"
180,Srednekolymsk,RU,68.32,67.45,153.68,
181,Swift Current,CA,73.4,50.28,-107.8,"Motel 6 Swift Current, SK"
182,Tuatapere,NZ,39.0,-46.13,167.68,Tom Cruse Refreshment Company
183,Sangin,AF,76.48,32.07,64.84,
184,Ivanjica,RS,60.8,43.58,20.23,NBN National Co - Apartmani
185,Cherskiy,RU,54.25,68.75,161.3,Gostinitsa
186,Kazerun,IR,77.88,29.62,51.65,ÿ¢Ÿæÿßÿ±ÿ™ŸÖÿßŸÜ ÿ®ÿ≤ÿ±⁄Ø ÿßŸà€åÿ≥ÿß
187,Nurota,UZ,78.8,40.56,65.69,Guest House Ruslan Nurata & Tours
188,Maldonado,UY,48.2,-34.67,-54.92,La Cimarrona
189,Vardo,NO,46.4,70.37,31.11,Vard√∏ Hotel AS
191,Villamontes,BO,67.05,-21.25,-63.5,Hotel Raldes
192,Murliganj,IN,78.37,25.9,86.98,Maa Parvati readymade vastralaya
193,Lena,ES,72.0,43.1,-5.73,
194,Norman Wells,CA,59.0,65.28,-126.83,Heritage Hotel
195,Verkhoyansk,RU,74.55,67.54,133.38,
196,Worcester,US,84.0,42.33,-71.83,Classic Suites & Inns
197,Constitucion,CL,53.1,-35.33,-72.42,Hotel Boutique Las Azucenas
198,Preobrazheniye,RU,63.97,42.9,133.91,Campsite Orlan
200,Bantry,IE,55.4,51.68,-9.45,The Maritime Hotel
201,Praia Da Vitoria,PT,71.6,38.73,-27.07,Hotel Branco I
202,Svelgen,NO,53.6,61.77,5.3,Bremanger Fjordhotell
203,Cape Town,ZA,57.2,-33.93,18.42,Southern Sun Waterfront Cape Town
204,Joshimath,IN,63.14,30.57,79.57,Shivalik Camps & Resort
205,Mar Del Plata,AR,43.0,-38.0,-57.56,Gran Hotel Mar del Plata habitaciones
206,Gazalkent,UZ,77.0,41.56,69.77,"–ì–æ—Å—Ç–∏–Ω–∏—Ü–∞ ""Nur"" –ö–∞—Ñ–µ"
207,Twin Falls,US,87.8,42.56,-114.46,Holiday Inn Express & Suites Twin Falls
208,Dubuque,US,82.4,42.48,-90.87,American Inn and Suites
209,Ketchikan,US,59.0,55.34,-131.65,Snows Cove Lodge
210,Andilamena,MG,58.91,-17.02,48.58,Magic Hotel Restaurant
211,Kavieng,PG,83.03,-2.57,150.8,Nusa Island Retreat
212,Leh,IN,55.62,34.17,77.58,Hotel Ladakh Greens
213,Ancud,CL,42.01,-41.87,-73.82,Hotel Arena Gruesa
214,Beaver Dam,US,78.01,43.46,-88.84,Quality Inn & Suites Beaver Dam
215,Portland,US,78.01,45.52,-122.68,Portland Marriott City Center
216,Beringovskiy,RU,50.83,63.05,179.32,Beringgorski
217,Berlevag,NO,46.89,70.86,29.09,Kvitbrakka
218,Tsabong,BW,47.12,-26.02,22.4,Springbok Motel
219,Karratha,AU,59.31,-20.74,116.85,ibis Styles Karratha
220,Svetlogorsk,BY,52.34,52.63,29.73,Hotel Svetlogorsk JBIK
221,Komsomolskiy,UZ,71.6,40.43,71.72,Ikathouse
222,Kaitangata,NZ,43.0,-46.28,169.85,Kaitangata Motor Camp
223,Tucurui,BR,78.01,-3.77,-49.67,BBB Rooms Centro Tucurui PA
224,Dingzhou,CN,69.8,38.51,115.0,ÂÆúÂÆ∂Êó∂Â∞öÂÆæÈ¶Ü
225,Bagru,IN,77.0,26.81,75.54,Sunny
226,Bolu,TR,58.57,40.67,31.58,Sefa Green Hotel
227,Chifeng,CN,72.81,42.27,118.96,Junyu Tiancheng Hotel
228,Port Hardy,CA,57.2,50.7,-127.42,Airport Inn
229,Le Port,RE,69.8,-20.94,55.29,Villa Maido
230,Khani,GE,73.4,41.96,42.96,·Éô·É£·É†·Éù·É†·É¢·Éò ·Éñ·Éî·Éô·Éê·É†·Éò/Resort Zekari
231,Lavrentiya,RU,46.47,65.58,-171.0,
232,Rypefjord,NO,51.8,70.63,23.67,Skytterhuset
233,Taywarah,AF,50.22,33.35,64.42,
234,Saskylakh,RU,61.23,71.92,114.08,
235,Wanning,CN,81.61,18.8,110.4,Paradise Hotel
236,Isangel,VU,77.0,-19.55,169.27,Volcano Sea View Tree House
237,Maningrida,AU,71.46,-12.07,134.27,Dhukurrdji Lodge
238,Vostok,RU,64.54,46.49,135.88,
239,Moranbah,AU,59.58,-22.0,148.05,Direct Hotels - Monterey Moranbah
240,Bahir Dar,ET,61.93,11.59,37.39,"Delano Hotel, Bahir Dar"
241,Carolina,PR,86.0,18.38,-65.96,Motel Fantasy Star
242,Zharkovskiy,RU,52.02,55.85,32.27,"Gostinitsa ""Mezha"""
243,Tabuk,PH,77.67,17.42,121.44,Grand Zion Garden Resort Hotel
244,Vanavara,RU,61.84,60.34,102.28,Church of Churches
245,Timmins,CA,60.8,48.47,-81.33,The Senator Hotel & Conference Centre
246,Indramayu,ID,77.7,-6.33,108.32,Grand Trisula Hotel
247,Yepifan,RU,62.29,53.83,38.55,Gostevoy Dom V Usad'be Meshchan Sobolevykh
248,Lasa,IT,57.2,46.62,10.7,Pension Feldg√§rtenhof
249,Tsumeb,,51.82,-19.23,17.72,TeaterHuis Guest House
250,Mizdah,LY,70.81,31.45,12.98,ŸÖÿ≠ŸÖÿØÿßŸÑŸÖÿ®ÿ±ŸàŸÉ ÿßŸÑÿßÿ±ŸäŸÇÿ∑
251,Aberdeen,GB,59.0,57.14,-2.1,Premier Inn Aberdeen City Centre hotel
252,Ternate,ID,80.78,0.8,127.4,Grand Dafam Bela Ternate
253,Boyolangu,ID,72.43,-8.12,111.89,Yos ega cv
254,Carnarvon,AU,55.4,-24.87,113.63,Hospitality Carnarvon
255,Padang,ID,76.95,-0.95,100.35,Mercure Padang
256,Kodiak,US,57.2,57.79,-152.41,Best Western Kodiak Inn and Convention Center
257,Bairiki,KI,86.0,1.33,172.98,Tarawa Boutique Hotel
258,Vanderbijlpark,ZA,43.0,-26.71,27.84,Little Eden Guest Lodge
259,Nanortalik,GL,46.78,60.14,-45.24,"NTS Rooms, Nanortalik"
260,Sao Gabriel Da Cachoeira,BR,75.16,-0.13,-67.09,Alarne - √Årea De Lazer Do Alto Rio Negro
261,Samarai,PG,79.2,-10.62,150.67,Nuli Sapi
262,Pafos,CY,77.0,34.77,32.42,Elysium Hotel
263,Miri,MY,77.0,4.41,114.01,"Mega Hotel, Miri"
264,Port Macquarie,AU,48.99,-31.43,152.92,Rydges Port Macquarie
265,Mildura,AU,41.0,-34.2,142.15,Mercure Hotel Mildura
266,Hazorasp,UZ,75.2,41.32,61.07,Kemping wifi hotel
267,Vao,NC,71.85,-22.67,167.48,Hotel Kou-Bugny
268,Comodoro Rivadavia,AR,42.8,-45.87,-67.5,Austral Hotel
269,Naryan-Mar,RU,44.29,67.67,53.09,Hostel Agat
271,Marfino,RU,62.01,55.7,37.38,Kardiologicheskiy Sanatornyy Tsentr Peredelkino
272,Ostrovnoy,RU,47.75,68.05,39.51,
273,Talnakh,RU,53.6,69.49,88.4,Talnakh Hotel
274,Lebork,PL,57.0,54.54,17.75,Vega
275,Kualakapuas,ID,72.52,-3.01,114.39,Guest House Izonk
276,Dalian,CN,71.6,38.91,121.6,Kempinski Hotel Dalian
277,Skelleftea,SE,53.01,64.75,20.95,Quality Hotel Skellefte√• Stadshotell
278,Alipur Chatha,PK,82.4,32.27,73.82,Tahir Buttiparlar
279,Adre,TD,74.25,13.47,22.2,
280,Abu Samrah,SY,71.78,35.3,37.18,
281,Itoman,JP,84.2,26.12,127.67,Southern Beach Hotel & Resort Okinawa
282,Krasnorechenskiy,RU,66.78,44.63,135.35,
284,Hay River,CA,64.4,60.82,-115.8,Ptarmigan Inn Hotels
285,Penzance,GB,60.01,50.12,-5.54,Ship Inn
286,Caravelas,BR,70.95,-17.71,-39.25,Pousada dos Navegantes
287,Henties Bay,,55.0,-22.12,14.28,Fishermans Guest House
288,Mankono,CI,70.14,8.06,-6.19,Hotel Cajoux
289,Geraldton,AU,53.6,-28.77,114.6,Broadwater Mariner Resort
290,Marsabit,KE,63.82,2.33,37.99,Chicho Hotel
291,Kautokeino,NO,47.05,69.01,23.04,Ailo Matki & Tourist -Kautokeino bilutleie
292,Gracac,HR,70.0,44.3,15.85,"Apartment ""ANA"""
294,Half Moon Bay,US,84.99,37.46,-122.43,"The Ritz-Carlton, Half Moon Bay"
295,Les Escoumins,CA,63.41,48.11,-69.02,Lac neigette
296,Rawson,AR,41.04,-43.3,-65.1,Hotel Punta Le√≥n
297,Namibe,AO,63.0,-15.2,12.15,Hotel Chik Chik Namibe
298,Daru,PG,78.12,-9.08,143.21,New century hotel
299,Kinango,KE,77.0,-4.14,39.32,Moonlit Inn Kinango
300,Tazovskiy,RU,50.88,67.47,78.7,TazHostel
301,Nelson Bay,AU,46.99,-32.72,152.15,Mantra Nelson Bay
302,Balikpapan,ID,75.2,-1.27,116.83,Grand Jatra Hotel Balikpapan
303,Ituacu,BR,68.94,-13.81,-41.3,Pedacim do C√©u
304,Borogontsy,RU,78.82,62.67,131.17,
305,Calvinia,ZA,43.34,-31.47,19.78,Die Lemoenhuis
306,Khon Buri,TH,74.82,14.53,102.25,‡∏ö‡πâ‡∏≤‡∏ô‡∏û‡∏±‡∏Å‡∏™‡∏∏‡∏Ç‡∏ã‡∏≤‡∏ß‡∏î‡πå 24‡∏ä‡∏°.
307,Bowen,AU,64.99,-20.02,148.23,Castle Motor Lodge Motel
308,Guiratinga,BR,75.47,-16.35,-53.76,Hotel Angra do Cerrado - Guiratinga MT
309,Kholtoson,RU,56.5,50.3,103.31,
310,Saint-Paul,RE,69.8,-21.01,55.27,Boucan Canot
311,Nizhniy Kuranakh,RU,81.93,58.84,125.49,Park Pobedy
312,Cayenne,GF,80.6,4.93,-52.33,H√¥tel Le Dronmi
313,Luderitz,,53.6,-26.65,15.16,L√úDERITZ NEST HOTEL
314,Ulladulla,AU,48.2,-35.35,150.47,Sandpiper Motel
315,Ahipara,NZ,60.17,-35.17,173.17,Ahipara Holiday Park
316,Vicuna,CL,72.0,-30.03,-70.71,Los Mosaicos
318,Balaghat,IN,78.78,21.8,80.18,Hotel celebration
319,Paita,PE,64.47,-5.09,-81.11,Hotel N√°utico de Paita
320,Mount Isa,AU,46.4,-20.73,139.5,ibis Styles Mt Isa Verona
322,Pucallpa,PE,87.8,-8.38,-74.55,Manish Hotel Ecol√≥gico
323,Robe,AU,49.42,-37.18,139.75,Robe Harbour View Motel
324,Mehamn,NO,47.17,71.04,27.85,Mehamn Arctic Hotel AS
325,Souillac,MU,69.8,-20.52,57.52,Bils' Villa
326,Neiafu,TO,75.2,-18.65,-173.98,Mystic Sands
327,Naqadeh,IR,66.56,36.96,45.39,Ÿáÿ™ŸÑ ÿµÿØŸÅ
328,Misratah,LY,76.39,32.38,15.09,ŸÅŸÜÿØŸÇ ÿßŸÑŸÖÿßÿ≥ÿ©
329,Iquitos,PE,82.4,-3.75,-73.25,Cortez Malaga Techy Caroly
330,Portree,GB,55.0,57.41,-6.19,The Royal Hotel
331,Ribeira Grande,PT,68.88,38.52,-28.7,Quinta da Meia Eira
332,Tinskoy,RU,60.71,56.15,96.92,Kalinin
333,Kahului,US,87.8,20.89,-156.47,Maui Seaside Hotel
334,Kupang,ID,77.0,-10.17,123.58,Sylvia Hotel Premier Kupang
335,Imphal,IN,71.35,24.82,93.95,State Guest House
336,Verkhnyaya Inta,RU,55.15,65.98,60.31,
337,Flinders,AU,48.99,-34.58,150.86,Shellharbour Resort & Conference Centre
338,Demirci,TR,61.92,39.05,28.66,Bilgin kƒ±z √∂ƒürenci evi
339,Quang Ngai,VN,77.27,15.12,108.8,Central Hotel
340,Roald,NO,48.99,62.58,6.13,Flem Cabins
341,Omsukchan,RU,67.66,62.53,155.8,
342,Manjacaze,MZ,55.29,-24.71,33.88,Hotel Gani
343,Veraval,IN,82.99,20.9,70.37,Lords Inn Somnath
344,The Pas,CA,78.8,53.83,-101.25,Wescana Inn
345,Barcelona,ES,77.0,41.39,2.16,Axel Hotel Barcelona
346,Ambanja,MG,69.67,-13.68,48.45,Hotel Marrakech
347,Saint Anthony,US,84.2,45.02,-93.22,Holiday Inn Express Roseville-St. Paul
348,Oranjemund,,54.88,-28.55,16.43,Fisherman's Cove
350,Vrangel,RU,62.92,42.73,133.08,"–û—Ç–µ–ª—å ""–ë–ê–õ–ò"""
351,Youkounkoun,GN,74.26,12.53,-13.13,
352,Talaya,RU,70.43,61.38,152.75,
353,Bandarbeyla,SO,81.52,9.49,50.81,REER XOOSHLE GROUP
354,Jinchang,CN,70.09,38.5,102.17,Mingshihui Jinchang International Hotel
355,Bridgeton,US,86.0,39.43,-75.23,Star Liberty Inn Hotel
356,Sinnamary,GF,78.1,5.38,-52.95,ALETHEIA Appartement Sinnamary
357,Kuching,MY,75.2,1.55,110.33,Hilton Kuching
358,Alice Springs,AU,33.8,-23.7,133.88,Desert Palms Alice Springs
359,Abu Kamal,SY,85.64,34.45,40.92,ŸÖÿ≠ÿ∑ÿ© ÿßŸÑÿ™ŸÑŸÅÿßÿ≤
360,Kitimat,CA,63.0,54.05,-128.65,Kingfish Westcoast Adventures Ltd. Kitimat Estuary Lodge B&B
361,Mount Gambier,AU,39.2,-37.83,140.77,Southgate Motel
362,Praia,CV,78.8,14.92,-23.51,LT Aparthotel
363,Humberto De Campos,BR,75.72,-2.6,-43.46,Pousada do Cabe√ßa
364,Nyurba,RU,62.46,63.28,118.33,Gostinitsa Alrosa
365,Prainha,BR,75.74,-1.8,-53.48,Hotel Teixeira
367,Sola,VU,80.6,-13.88,167.55,Leumerus Bungalows
368,Krasnoborsk,RU,57.63,61.56,45.93,"Baza Otdykha ""Medvezhiy Ugol"""
369,Chicama,PE,65.05,-7.84,-79.15,Hospedaje Punta Cana PERU
370,Kloulklubed,PW,75.2,7.04,134.26,Storyboard Beach Resort
371,Mahebourg,MU,69.8,-20.41,57.7,Shandrani Beachcomber Resort & Spa
372,Pampierstad,ZA,44.04,-27.78,24.69,BAROLONG METHODIST CHURCH
374,Hamilton,US,75.0,39.18,-84.53,Six Acres Bed & Breakfast
375,Bridlington,GB,55.99,54.08,-0.19,Expanse Bridlington Seafront Hotel
376,Carman,CA,84.99,49.5,-98.0,"Bell Aura Bed, Breakfast & Bistro"
377,Severo-Kurilsk,RU,49.68,50.68,156.12,Kak Doma
378,Awjilah,LY,74.05,29.11,21.29,
379,Asau,RO,54.0,46.43,26.4,Casa Mika Ciobanus
380,Carutapera,BR,76.08,-1.2,-46.02,Lidera
381,Silvania,BR,77.0,-16.66,-48.61,Hotel Dom Bosco
382,Balsas,BR,78.93,-7.53,-46.04,Novo Hotel
383,Sechura,PE,68.95,-5.56,-80.82,Hospedaje Costa Bella
384,Kabompo,ZM,59.16,-13.59,24.2,Faroja City Iyindeko Cas-jay
385,Konokovo,RU,75.2,44.86,41.33,
386,Cap Malheureux,MU,72.0,-19.98,57.61,Pereybere Hotel & Spa
387,Stornoway,GB,55.99,58.21,-6.39,Caladh Inn
388,Port Lincoln,AU,52.84,-34.73,135.87,Port Lincoln Hotel
389,Garowe,SO,79.07,8.41,48.48,Curubo Hotel
390,Doume,CM,67.73,4.23,13.45,Hotel Universel
391,San Quintin,MX,79.92,30.48,-115.95,Old Mill Hotel
392,Teguise,ES,71.6,29.06,-13.56,B&B La Casona de Nazaret
393,Tahe,CN,80.2,52.33,124.73,Â°îÊ≤≥ÂÆæÈ¶Ü
394,Celestun,MX,84.52,20.87,-90.4,Posada Lilia
396,Hvolsvollur,IS,51.01,63.75,-20.22,Aurora Lodge Hotel
397,Tokur,RU,74.52,53.13,132.9,
398,Chiang Klang,TH,72.5,19.29,100.86,Sangthongresort
399,Ust-Nera,RU,73.74,64.57,143.2,Hotel Ust-Nera
400,Asifabad,IN,80.51,19.37,79.28,Regula Vijaya Balesh
401,Codrington,AU,47.48,-38.27,141.97,Codrington Gardens Bed And Breakfast
402,Salinas,US,77.0,36.68,-121.66,Good Nite Inn Salinas Monterey
403,Takoradi,GH,74.52,4.88,-1.76,Raybow International Hotel
404,Ningxiang,CN,63.07,37.34,111.21,IU Hotel Luliang Xiaoyi Zhenxing Street
405,Pitimbu,BR,73.4,-7.47,-34.81,Reserva do Abia√≠
406,Nemuro,JP,55.72,43.32,145.57,Hotel Nemuro Kaiyoutei
407,Gualaceo,EC,59.95,-2.9,-78.78,Arhan√° Hosteria Resort
408,Puerto Rondon,CO,74.53,6.28,-71.1,HOTEL CAMINO REAL
409,Melbu,NO,46.4,68.5,14.83,Melbu Hotel
410,Corrente,BR,76.3,-3.74,-43.34,Chapadinhense Hotel
411,Ekhabi,RU,57.25,53.51,142.97,
412,Touros,BR,73.4,-5.2,-35.46,INN NEW HORIZON
413,Salamiyah,SY,69.42,35.01,37.05,Gondolas Forum grandchildren and grandparents
414,Iwanai,JP,68.11,42.97,140.51,„ÅÑ„Çè„Å™„ÅÑÈ´òÂéü„Éõ„ÉÜ„É´
415,Utica,US,77.0,43.1,-75.23,Days Inn by Wyndham Utica
416,Plainview,US,87.01,40.78,-73.47,Holiday Inn Plainview-Long Island
417,Sisimiut,GL,52.5,66.94,-53.67,Hotel Sisimiut
418,Urengoy,RU,57.02,65.97,78.37,Gostinnitsa Medveditsa
419,Shimoda,JP,64.0,34.67,138.95,Shimoda Tokyu Hotel
420,Hamina,FI,53.6,60.57,27.2,SpaHotel Hamina
421,Jesus Maria,AR,51.01,-30.98,-64.09,Posada Los Platanos
422,Saint-Francois,FR,59.0,46.42,3.91,Manoir Du Bonheur
423,Linxia,CN,60.17,35.6,103.21,GreenTree Inn Linxia Autonomous Prefecture Linxia Oxford River Avenue Express Hotel
424,Palmerston,AU,72.0,-12.49,130.98,Quest Palmerston - Serviced Apartments and Accommodation
425,Eureka,US,73.99,40.8,-124.16,Eureka Inn Trademark By Wyndham
426,Olinda,BR,78.8,-8.01,-34.86,Hotel 5 S√≥is
427,Puerto Baquerizo Moreno,EC,67.62,-0.9,-89.6,Hotel los Algarrobos
428,Dukat,RU,63.21,62.55,155.55,
429,Blairmore,CA,66.2,49.6,-114.44,Highwood Motel
430,Swellendam,ZA,57.2,-34.02,20.44,De Kloof Luxury Estate boutique Hotel & SPA
431,Gushikawa,JP,84.2,26.35,127.87,Kirari Guest House
433,Troitsko-Pechorsk,RU,54.81,62.71,56.2,Pechora Gostinitsa
434,Luanda,AO,68.0,-8.84,13.23,EPIC SANA Luanda
435,Coquimbo,CL,57.2,-29.95,-71.34,Hotel San Juan
436,Zacualtipan,MX,70.77,20.65,-98.6,hacienda venta de guadalupe
437,Xam Nua,LA,64.11,20.42,104.04,Phoudy Guesthouse
438,Dom Pedrito,BR,47.62,-30.98,-54.67,Hotel Alexandre
439,Togul,RU,56.64,53.47,85.91,
440,Jiangyou,CN,75.15,31.77,104.72,Shangping Shuyuan Inn
441,Tibiri,NE,80.65,13.56,7.05,
442,Washington,US,79.0,47.5,-120.5,"Cashmere Cider Mill Guest Suites, Weddings & Tasting Room"
443,Sambava,MG,69.44,-14.27,50.17,Melrose
444,Pimentel,PE,68.0,-6.84,-79.93,Casona Del Muelle
445,Udachnyy,RU,57.2,66.42,112.4,Gostinitsa Vilyuy
446,Brus Laguna,HN,81.18,15.75,-84.48,
447,Maragogi,BR,74.64,-9.01,-35.22,Salinas do Maragogi All Inclusive Resort
448,Safaga,EG,87.8,26.73,33.94,Lamar Resort Abu Soma
449,Manokwari,ID,80.44,-0.87,134.08,Swiss Belhotel Manokwari
450,Natal,BR,73.4,-5.79,-35.21,Villa Park Hotel | Natal
451,Fortuna,US,73.99,40.6,-124.16,Super 8 by Wyndham Fortuna
452,Maceio,BR,71.6,-9.67,-35.74,Mercure Maceio Pajucara Hotel
453,Jacareacanga,BR,82.15,-6.22,-57.75,Casa do Ianüòé
454,Port Keats,AU,70.0,-14.25,129.55,TDC Village (Hundred Man Camp)
455,Guerrero Negro,MX,84.92,27.98,-114.06,"Casa Laguna, Bed & Breakfast"
456,Meulaboh,ID,76.26,4.14,96.13,Kost Pria
457,Kasama,ZM,56.3,-10.21,31.18,Kalebalika Cottages
458,Ust-Maya,RU,74.12,60.42,134.53,
459,Itarema,BR,78.15,-2.92,-39.92,Windvillage
460,Camacha,PT,68.0,33.08,-16.33,Hotel Porto Santo & Spa
461,Panorama,GR,75.99,40.59,23.03,Panorama Hotel
462,Poum,NC,73.13,-20.23,164.02,G√Æte kajeon
463,Manglisi,GE,73.4,41.7,44.38,Hotel Manglisi Dodo
464,Livingston,GB,60.01,55.9,-3.52,Mercure Livingston Hotel
465,Gunjur,GM,77.0,13.2,-16.73,Kuba Lodge
466,Pacific Grove,US,77.0,36.62,-121.92,Lovers Point Inn
467,Kendari,ID,74.75,-3.94,122.5,Hotel Wixel
468,Apatity,RU,49.01,67.56,33.4,Guest House on Kirova 7
470,Zhanakorgan,KZ,77.97,43.91,67.25,"""–ê“õ–ø–∞–ª–∞—Å"" “õ–æ–Ω–∞“õ “Ø–π—ñ"
471,Svetlyy,RU,55.4,54.67,20.13,"Hostel ""Baltiysky Les"""
472,Tarko-Sale,RU,55.0,64.92,77.78,Yubileynaya
473,Antigonish,CA,77.0,45.62,-62.0,Claymore Inn and Suites
474,Hit,IQ,88.18,33.64,42.83,Aboody Alhachem
475,Darnah,LY,74.64,32.77,22.64,ÿ≤ÿßŸàŸäÿ© ÿßŸÑÿ±ŸÅÿßÿπŸä
476,Thinadhoo,MV,84.79,0.53,72.93,
478,Kargasok,RU,57.45,59.06,80.86,Hotel Kargasok
479,Kikwit,CD,75.54,-5.04,18.82,Centre D'Accueil Protestant
480,Baraboo,US,80.01,43.47,-89.74,Thunderbird Motor Inn
481,Kovdor,RU,42.69,67.57,30.48,Ochag
482,Bull Savanna,JM,81.52,17.89,-77.59,Big Red's
483,Bud,US,82.0,39.45,-86.18,Madsion Scouts Camp
484,Jiamusi,CN,72.45,46.83,130.35,Riversky Hotel
485,Milan,IT,73.99,45.46,9.19,Hotel Dei Cavalieri Milano Duomo
486,Hobyo,SO,79.09,5.35,48.53,Osmani Hotel
487,Novopokrovka,UA,73.4,49.84,36.55,–ü—É–¥–∂ –¥–æ–º
488,Denpasar,ID,78.8,-8.65,115.22,ASTON Denpasar Hotel & Convention Center
489,Aragarcas,BR,75.49,-15.9,-52.25,Hotel Pousada Tropical
491,Guasdualito,VE,84.2,7.24,-70.73,Hotel Cuibas
492,Hede,CN,71.44,33.77,120.25,Vienna 3 Best Hotel Sheyang Jiefang Rd
493,Bogorodskoye,RU,55.44,56.55,37.88,Sosnoviy Bor
496,Naze,JP,84.2,28.37,129.48,Â•ÑÁæé„Éù„Éº„Éà„Çø„ÉØ„Éº„Éõ„ÉÜ„É´
497,Terrace Bay,CA,69.8,48.78,-87.1,Drifters Motel & Restaurant
498,Srandakan,ID,71.98,-7.94,110.25,Puri Brata
499,Rio Cuarto,AR,48.2,-33.13,-64.35,Hotel Menossi
500,Gamba,GA,70.45,-2.65,10.0,
501,Kavaratti,IN,81.88,10.57,72.64,Bismillah Hotel And Lodging
502,Baykit,RU,58.69,61.67,96.37,Gostinitsa
504,Clyde,US,82.0,41.3,-82.98,Red Roof Inn Clyde
505,Parauna,BR,72.97,-16.95,-50.45,Hotel Serras de Para√∫na
506,Pimenta Bueno,BR,79.23,-11.67,-61.19,Cristalina Palace Hotel
507,Niquero,CU,85.03,20.04,-77.58,
508,Bagdarin,RU,63.52,54.43,113.6,Gostevoy Dom Terem
509,Taltal,CL,55.35,-25.4,-70.48,Residencial Karime
510,Rutland,US,84.2,43.62,-73.02,Comfort Inn Trolley Square
511,Dondo,MZ,71.6,-19.61,34.74,Arco Iris
512,Mezhdurechensk,RU,57.36,53.69,88.06,Apartments Mezhdurechensk
513,Bara,NG,74.41,10.37,10.73,
514,Huangnihe,CN,64.85,43.56,128.02,Huangnihe Forestry Bureau Huanglin Hotel
515,Sangueya,GN,74.35,10.7,-14.37,
516,Aqtobe,KZ,73.4,50.28,57.21,"Gostinitsa ""Ilek"""
517,Erdenet,MN,57.9,49.03,104.08,Erdenet hotel
518,Baglung,NP,70.39,28.27,83.59,"Hotel Peace Palace, Baglung, Nepal"
519,Broome,US,82.99,42.25,-75.83,Chenango Valley State Park
520,Itapetinga,BR,68.25,-15.25,-40.25,Hotel Del Rey
521,Calabozo,VE,77.56,8.92,-67.43,Hotel Giardini
522,Guaruja,BR,82.4,-23.99,-46.26,Charme Hotel Guaruj√°
523,Stutterheim,ZA,55.15,-32.57,27.42,1906 on Hill BnB
524,Jalu,LY,74.73,29.03,21.55,Jalu Hotel
525,Moindou,NC,69.8,-21.69,165.68,Gite de la RYAWA
526,Dembi Dolo,ET,58.26,8.53,34.8,Ayyantu kadir
527,Suharau,RO,54.0,48.13,26.42,
528,Mamallapuram,IN,77.0,12.63,80.17,Radisson Blu Resort Temple Bay Mamallapuram
529,Hernani,ES,69.8,43.27,-1.98,Silken Amara Plaza San Sebasti√°n
530,Derzhavinsk,KZ,66.34,51.1,66.32,Ooo.khim Baza
531,Sangre Grande,TT,86.0,10.58,-61.12,"La Aurora Housing Development, Bravo Hill Sangre Grande"
532,Gamboma,CG,76.93,-1.88,15.86,Hotel Vianette
533,Somerset,US,89.01,40.57,-74.55,Hilton Garden Inn Bridgewater
534,Kolyshley,RU,72.0,52.7,44.54,"–ì–æ—Å—Ç–∏–Ω–∏—Ü–∞ ""–õ–∞–¥–∞"
535,Kalga,RU,68.34,50.93,118.9,
536,Buala,SB,82.6,-8.14,159.59,Maringe Lagoon Lodge
537,Faya,SA,77.0,18.39,42.45,ŸÖŸÇÿ®ÿ±ÿ© ÿßŸÑ ŸÖÿ¨ŸÖŸÑ
538,Blackwater,AU,58.1,-23.58,148.88,Blackwater Motor Inn
539,Faro,PT,75.99,37.02,-7.93,Hotel Faro & Beach Club
540,Santiago Del Estero,AR,62.56,-27.8,-64.26,Hotel Urbano
541,Mechetinskaya,RU,73.13,46.77,40.46,"Stoyanka, Shinomontazh, Dush"
542,Huaicheng,CN,77.61,23.91,112.19,Tengye Hotel
543,Oranjestad,AW,84.2,12.52,-70.03,Divi Village Golf & Beach Resort
544,Castellammare Del Golfo,IT,77.0,38.02,12.89,Cerri Hotel
545,Ville-Marie,CA,62.6,47.33,-79.43,La Bannik
546,Nishihara,JP,84.2,26.18,127.76,Minshuku Agaihama
547,Pirovskoye,RU,56.34,57.63,92.27,
548,Salalah,OM,80.6,17.02,54.09,HAMDAN PLAZA HOTEL
549,Lubumbashi,CD,65.86,-11.66,27.48,Glo Flats
550,Viedma,AR,41.81,-40.81,-63.0,Hotel Cristal
551,Novocheremshansk,RU,66.25,54.36,50.17,
